ingest_lib,[M+H]+,[M+NH4]+,[M-H2O+H]+,[M-2H2O+H]+,[M+Na]+,[M+K]+,[M-H]-,[M-H2O-H]-,[M+CH2O2-H]-,[M+Cl]-,other (not in test)
enveda-180,0.5100664335209766,0.0040752826566474686,0.0,0.0,0.013830132997048843,0.0009395164610391017,0.16012255316198426,0.0,0.02128299466538393,0.002086177234060072,0.2875969093028597
pluskal_ms2,0.5471595830782382,0.016386109431537527,0.021619429054495896,0.0025910713236450894,0.010106504972696136,0.0,0.25382074032233914,0.0,0.09626010034478118,0.04363500580953446,0.008421455662732358
riken,0.4876184934801582,0.020978134694430123,0.004876559390041219,0.0010859201949471587,0.3504814630254255,0.015666631141425982,0.10010916810447877,0.00024771654314444466,0.004481941175962278,0.0006365739073828171,0.013817398342603501
gnps,0.6104397122015495,0.031234010568306853,0.02764332190772881,0.006647075603693021,0.0907362043749349,0.02868022947805967,0.14663865355967198,0.0001765912456021988,0.015037423760125696,0.006411620609556756,0.036355156690770614
massbank,0.6327720270921191,0.003116183510769019,0.0032636369891965752,0.0006881162326619285,0.008611283140169276,0.00018677440600823773,0.2971777404228966,7.864185516136325e-05,0.010764103925211595,0.00041286973959715707,0.042928622686209165
mona,0.5006492382271468,0.07115650969529086,0.010896381578947368,0.0009413954293628809,0.09654172437673131,0.05384349030470914,0.24013157894736842,0.0004436461218836565,0.007574445983379501,0.0011037049861495846,0.01671788434903047
spectraverse,0.27681463883925944,0.3300414269726896,0.0,0.0,0.031080046335381774,0.014312920896079162,0.2492882806824652,0.0,0.015962146349125322,0.002473838179569238,0.08002670174543026
msdial,0.37618054703790016,0.05033729915368576,0.027351895007972526,0.001520912547528517,0.08342941248620139,0.004758984422911811,0.35555010425610206,0.002698393229486079,0.006304427817981111,0.004145713234392248,0.08772231080583834
drug_plus,0.7905697445972495,0.027897838899803535,0.0,0.0,0.08840864440078586,0.06444007858546169,0.0,0.0,0.0,0.0,0.028683693516699412
enveda-np-examples,0.48057432432432434,0.08277027027027027,0.02027027027027027,0.006756756756756757,0.06756756756756757,0.013513513513513514,0.23310810810810811,0.0008445945945945946,0.08868243243243243,0.0059121621621621625,0.0
masaryk,1.0,0.0,0.0,0.0,0.0,0.0,0.0,0.0,0.0,0.0,0.0
test (placeholder),0.7906018136850783,0.0032976092333058533,0.0,0.0,0.018136850783182192,0.0016488046166529267,0.15910964550700743,0.0,0.025556471558120363,0.0016488046166529267,0.0
