ingest_lib,NCE,V,eV,unknown,has_ce_ev,multi_energy_merged
enveda-180,0.0,0.0,1.0,0.0,1.0,0.2658398228439441
pluskal_ms2,1.0,0.0,0.0,0.0,1.0,0.3311756867665818
riken,0.45743164031557937,0.049076679791802885,0.42373931002301457,0.06975236986960316,0.9087481385253953,0.010415616511747813
gnps,0.0,0.0,0.0,1.0,0.0,0.0
massbank,0.38986699696245836,0.18355008994662184,0.4101762560578804,0.01640665703303941,0.9812045966164342,0.044648913267863986
mona,0.5543845221606648,0.10626947714681441,0.17855133310249308,0.1607946675900277,0.8296290685595568,0.045435855263157895
spectraverse,0.051420493589617734,0.0,0.02450277815954293,0.9240767282508393,0.07574656902204857,0.0
msdial,0.22482521771127192,0.2704525941371274,0.18039985281491475,0.32432233533668586,0.5833435545198087,0.03164479332760947
drug_plus,0.0,0.0,0.0,1.0,0.0,0.0
enveda-np-examples,0.0,0.0,1.0,0.0,1.0,0.3471283783783784
masaryk,0.0,0.0,0.0,1.0,0.0,0.0
