ingest_lib,timsTOF,Orbitrap / FT,Q-TOF / TOF,Triple quad,Ion trap,other,unknown
enveda-180,1.0,0.0,0.0,0.0,0.0,0.0,0.0
pluskal_ms2,0.0,1.0,0.0,0.0,0.0,0.0,0.0
riken,0.0,0.44808754187417726,0.45494295318445377,0.02557529286720377,0.023106768710520177,0.0008093994025998716,0.04747804396104513
gnps,0.0,0.6777526726405825,0.28128721434102033,0.029993343868434993,0.008517131614813742,0.0007471168083169949,0.001702520726831455
massbank,0.0,0.4099993118837673,0.5030227963077649,0.07992961553963059,0.006871332094724115,0.00017694417411306734,0.0
mona,0.0,0.588220654432133,0.3479916897506925,0.0420922783933518,0.012854916897506926,0.002586132271468144,0.0062543282548476456
spectraverse,0.0,0.3011210806353445,0.5110635540808514,0.0,0.16875110439204444,0.0,0.019064260891759763
msdial,0.0,0.142695940144732,0.21395805225070527,0.2145958542867656,0.09856494541886422,0.0002943701704893904,0.3298908377284435
drug_plus,0.0,0.0,0.0,0.0,0.0,0.0,1.0
enveda-np-examples,1.0,0.0,0.0,0.0,0.0,0.0,0.0
masaryk,0.0,0.5444785276073619,0.0,0.0,0.0,0.0,0.455521472392638
