ingest_lib,negative,positive
enveda-180,0.23045021386133466,0.7695497861386653
pluskal_ms2,0.3941650665964089,0.6058349334035911
riken,0.09702135258993407,0.902978647410066
gnps,0.18513554510095132,0.8148644548990487
massbank,0.32708130584800493,0.672918694151995
mona,0.25339768005540164,0.7466023199445984
spectraverse,0.3419001433255453,0.6580998566744547
msdial,0.41849625904575005,0.58150374095425
drug_plus,0.0,1.0
enveda-np-examples,0.3285472972972973,0.6714527027027027
masaryk,0.0,1.0
test (placeholder),0.1863149216817807,0.8136850783182193
