,enveda-180,pluskal_ms2,riken,gnps,massbank,mona,spectraverse,msdial,drug_plus,enveda-np-examples,masaryk
enveda-180,1.0,0.012435703314183262,3.826370250517927e-05,0.0044112582745256665,1.0932486430051218e-05,3.826370250517927e-05,0.0,1.639872964507683e-05,1.639872964507683e-05,0.0,0.0
pluskal_ms2,0.048589308216398626,1.0,0.11612310715277332,0.32335917643792317,0.04878152965549647,0.10074539202494608,0.0,0.07007539352000171,0.034428995536191026,0.00478417803976848,0.0049550415411887825
riken,0.00044047319405990436,0.34212182230052857,1.0,0.5812987666750566,0.41221998489806194,0.7051975836899069,0.0,0.5260508431915429,0.1159073747797634,0.01547948653410521,0.02384847722124339
gnps,0.017639344262295083,0.3309289617486339,0.20192349726775957,1.0,0.12343169398907104,0.16511475409836066,0.0,0.12153005464480875,0.04775956284153005,0.005092896174863388,0.0086775956284153
massbank,0.00021786492374727668,0.24880174291938997,0.7136165577342048,0.6151416122004357,1.0,0.5420479302832244,0.0,0.40860566448801744,0.17930283224400873,0.022657952069716776,0.040958605664488015
mona,0.0005992637616642411,0.4038181662528893,0.9594212824244499,0.6466912079445253,0.4259909254344662,1.0,0.008047256228062665,0.5836829038609708,0.1505008132865337,0.019775704134919955,0.03133293382415889
spectraverse,0.0,0.0,0.0,0.0,0.0,0.009760149517184093,1.0,0.0,0.0,0.0,0.0
msdial,0.0003286950805302947,0.359482853073299,0.915963624411088,0.6091815492494795,0.41097841568971183,0.7470143530185165,0.0,1.0,0.14035279938643586,0.02487126109345897,0.026186041415580147
drug_plus,0.0011815675462780622,0.6348956282000787,0.7254824734147302,0.8605750295391886,0.6482867270578968,0.6923985821189445,0.0,0.5045293422607325,1.0,0.05710909807010634,0.08901142181961402
enveda-np-examples,0.0,0.896,0.984,0.932,0.832,0.924,0.0,0.908,0.58,1.0,0.212
masaryk,0.0,0.5576923076923077,0.9110576923076923,0.9543269230769231,0.9038461538461539,0.8798076923076923,0.0,0.5745192307692307,0.5432692307692307,0.12740384615384615,1.0
