inchikey14,n_spectra,n_candidates,rank,true_score,has_ref_same_mode,random_rr,rr
AAWZDTNXLSGCEK,1,3,1.0,0.9254562407147726,True,0.611111111111111,1.0
ACNHBCIZLNNLRS,12,8,1.0,0.8771089863964319,True,0.3397321428571428,1.0
ACWBQPMHZXGDFX,5,6,1.0,0.9442139519043804,True,0.40833333333333327,1.0
ADEBPBSSDYVVLD,4,18,1.0,0.964300029033327,True,0.1941726710109063,1.0
AGOYDEPGAOXOCK,2,2,1.0,0.25335637082020307,True,0.75,1.0
AIONOLUJZLIMTK,2,50,2.0,0.8380140709488816,True,0.07631916355507014,0.5
ALEXXDVDDISNDU,10,40,2.0,0.8440869418667902,True,0.09539895444383767,0.5
AMOGMTLMADGEOQ,9,4,1.0,0.6966459699867541,True,0.5208333333333333,1.0
ANJTVLIZGCUXLD,4,9,1.0,0.8706099483129777,True,0.31432980599647264,1.0
APAJFZPFBHMFQR,2,8,3.0,0.8062357002456303,True,0.3397321428571428,0.3333333333333333
AQCHWTWZEMGIFD,8,18,1.0,0.9040777805478515,True,0.1941726710109063,1.0
ASUTZQLVASHGKV,5,115,1.0,0.9156721255599035,True,0.033182245023943534,1.0
ATBZZQPALSPNMF,1,31,2.0,0.8696681154578823,True,0.1230954250888228,0.5
AUVVAXYIELKVAI,4,2,1.0,0.6766916005257065,True,0.75,1.0
BBMULGJBVDDDNI,13,3,1.0,0.9717433667533371,True,0.611111111111111,1.0
BBNQQADTFFCFGB,1,5,3.0,0.056447477288483705,True,0.45666666666666667,0.3333333333333333
BDCDNTVZSILEOY,3,11,1.0,0.8315985897996642,True,0.2745343040797586,1.0
BHQCQFFYRZLCQQ,9,18,1.0,0.9623072505832909,True,0.1941726710109063,1.0
BJRNKVDFDLYUGJ,2,15,1.0,0.911743570981976,True,0.22121526621526624,1.0
BLGXFZZNTVWLAY,12,96,1.0,0.933254583344774,True,0.03974956435159903,1.0
BMLIIPOXVWESJG,10,12,1.0,0.6999486271144034,True,0.25860088985088986,1.0
BXNJHAXVSOCGBA,4,4,1.0,0.9805575995686046,True,0.5208333333333333,1.0
CBPNZQVSJQDFBE,5,1,1.0,0.5558526935601452,True,1.0,1.0
CEUORZQYGODEFX,2,13,1.0,0.5510447253144239,True,0.24462567347182732,1.0
CGIGDMFJXJATDK,4,18,2.0,0.869114681126533,True,0.1941726710109063,0.5
CGTADGCBEXYWNE,1,2,1.0,0.5433918749006494,True,0.75,1.0
CJDRUOGAGYHKKD,4,70,1.0,0.8735291411715979,True,0.054513688253621524,1.0
CJHYKSSBQRABTM,1,5,3.0,0.7605661036193037,True,0.45666666666666667,0.3333333333333333
CKEXCBVNKRHAMX,7,66,1.0,0.787776013982168,True,0.0578175481477804,1.0
CKLJMWTZIZZHCS,2,1,1.0,0.9426442379973469,True,1.0,1.0
CLEXYFLHGFJONT,4,7,1.0,0.8735149021347539,True,0.37040816326530607,1.0
CMKFQVZJOWHHDV,5,183,1.0,0.9603177562378457,True,0.020852230479527358,1.0
CRSFLLTWRCYNNX,4,28,1.0,0.8679893263557173,True,0.13628422063405382,1.0
CTRLABGOLIVAIY,2,24,1.0,0.9139525081201415,True,0.15733159073972944,1.0
CWVRJTMFETXNAD,4,37,1.0,0.9627643341968408,True,0.10313400480414883,1.0
CZMRCDWAGMRECN,1,194,1.0,0.9428494086903918,True,0.019669887514193334,1.0
DATAGRPVKZEWHA,2,10,3.0,0.4505073958024296,True,0.2928968253968254,0.3333333333333333
DBEPLOCGEIEOCV,3,4,1.0,0.8720935255647798,True,0.5208333333333333,1.0
DFMAXQKDIGCMTL,4,9,1.0,0.9490867655027961,True,0.31432980599647264,1.0
DOFJNFPSMUCECH,2,47,1.0,0.8687498396237745,True,0.08119059952667036,1.0
DOUMFZQKYFQNTF,11,42,1.0,0.9533069676314557,True,0.0908561470893692,1.0
DUXQKCCELUKXOE,12,3,1.0,0.9228335810234861,True,0.611111111111111,1.0
DVGGLGXQSFURLP,12,8,1.0,0.9600496244412062,True,0.3397321428571428,1.0
DWTTZBARDOXEAM,5,129,1.0,0.7225305457478859,True,0.02958107114537602,1.0
DXDRHHKMWQZJHT,9,19,1.0,0.945001355296381,True,0.18672313984966749,1.0
FBPFZTCFMRRESA,1,2,1.0,0.9153344626277636,True,0.75,1.0
FBWWXAGANVJTLU,5,39,1.0,0.9352362962805574,True,0.09784508148085914,1.0
FELGMEQIXOGIFQ,1,90,1.0,0.8711072804380285,True,0.042399535308372295,1.0
FFGPTBGBLSHEPO,1,6,1.0,0.9209359025088779,True,0.40833333333333327,1.0
FJKROLUGYXJWQN,2,6,1.0,0.9053763533172177,True,0.40833333333333327,1.0
FSASIHFSFGAIJM,5,5,1.0,0.8647167655886695,True,0.45666666666666667,1.0
FSNCEEGOMTYXKY,2,30,2.0,0.5180251272447483,True,0.1271986059251169,0.5
FTVWIRXFELQLPI,3,25,1.0,0.8192561101844261,True,0.15263832711014028,1.0
FVYXIJYOAGAUQK,2,6,1.0,0.8798621512003493,True,0.40833333333333327,1.0
FXNFHKRTJBSTCS,3,34,1.0,0.8242164663101873,True,0.11223406405157373,1.0
GBOGMAARMMDZGR,8,5,2.0,0.7172960413505117,True,0.45666666666666667,0.5
GBXSMTUPTTWBMN,9,48,1.0,0.9819062799402125,True,0.07949912870319806,1.0
GFNANZIMVAIWHM,5,47,1.0,0.8454899293702918,True,0.08119059952667036,1.0
GGJRAQULURVTAJ,1,6,2.0,0.518106027486682,True,0.40833333333333327,0.5
GGXICVAJURFBLW,5,3,2.0,0.7345738282212667,True,0.611111111111111,0.5
GMBQZIIUCVWOCD,6,5,1.0,0.8519757877545369,True,0.45666666666666667,1.0
GRBXNADBNJGZRK,3,8,1.0,0.8245490127526909,True,0.3397321428571428,1.0
GYSCAQFHASJXRS,8,1,1.0,0.9549615328224261,True,1.0,1.0
GZSOSUNBTXMUFQ,9,14,3.0,0.9718523032050722,True,0.23225445189730906,0.3333333333333333
GZYPWOGIYAIIPV,11,1,1.0,0.2835288648684649,True,1.0,1.0
HDACQVRGBOVJII,3,12,2.0,0.8475643165237656,True,0.25860088985088986,0.5
HDOVUKNUBWVHOX,2,224,1.0,0.8826441817771571,True,0.017035527579256728,1.0
HELXLJCILKEWJH,17,5,1.0,0.8770715877205073,True,0.45666666666666667,1.0
HEYZWPRKKUGDCR,6,24,1.0,0.8571341497270573,True,0.15733159073972944,1.0
HGJXAVROWQLCTP,1,1,1.0,0.5813430254453086,True,1.0,1.0
HHJUWIANJFBDHT,6,1,1.0,0.5430246192373697,True,1.0,1.0
HPNSFSBZBAHARI,9,108,1.0,0.8934778133401129,True,0.03533294609031025,1.0
HSHNITRMYYLLCV,5,5,1.0,0.8761160427052048,True,0.45666666666666667,1.0
HSMPDPBYAYSOBC,5,8,1.0,0.9514774901200811,True,0.3397321428571428,1.0
HUSISCNTLUEZCN,1,2,1.0,0.8604340098067619,True,0.75,1.0
HYBRYAPKQCZIAE,4,61,1.0,0.9337274703049222,True,0.06255669143858208,1.0
HYFHYPWGAURHIV,5,2,1.0,0.8889349951102908,True,0.75,1.0
IECPWNUMDGFDKC,5,5,1.0,0.7153778760101628,True,0.45666666666666667,1.0
IEDVJHCEMCRBQM,1,70,1.0,0.8525509403049719,True,0.054513688253621524,1.0
IFIQVSCCFRXSJV,2,14,2.0,0.6663205564398423,True,0.23225445189730906,0.5
IKGXIBQEEMLURG,3,29,1.0,0.9173790345226809,True,0.13158476475012093,1.0
IKIIZLYTISPENI,10,8,1.0,0.9917446146541494,True,0.3397321428571428,1.0
IKMDFBPHZNJCSN,1,16,1.0,0.7564077218858561,True,0.2112955620768121,1.0
ILEDWLMCKZNDJK,1,7,1.0,0.8304897240555268,True,0.37040816326530607,1.0
IOUVKUPGCMBWBT,6,15,1.0,0.6418553765583959,True,0.22121526621526624,1.0
IPVQLZZIHOAWMC,3,31,1.0,0.9366532085038123,True,0.1230954250888228,1.0
IQHUITKNHOKGFC,1,46,1.0,0.8509600468815821,True,0.08295561255985884,1.0
IVOMOUWHDPKRLL,3,16,2.0,0.9298363546526122,True,0.2112955620768121,0.5
IYGYMKDQCDOMRE,9,38,1.0,0.97598856393601,True,0.10041995204614491,1.0
JDUWHZOLEDOQSR,4,3,1.0,0.8581274246617472,True,0.611111111111111,1.0
JUVIOZPCNVVQFO,2,20,2.0,0.3483850490693354,True,0.1798869828571841,0.5
JXLYSJRDGCGARV,2,2,2.0,0.6371489356511385,True,0.75,0.5
JXSVIVRDWWRQRT,5,13,1.0,0.8364933966688409,True,0.24462567347182732,1.0
JYGXADMDTFJGBT,6,49,1.0,0.7370944711784497,True,0.0778766975051736,1.0
JYXSWDCPHRTYGU,2,33,4.0,0.9050107496332939,True,0.1156350962955608,0.25
KBDSLGBFQAGHBE,5,10,1.0,0.8798368846145493,True,0.2928968253968254,1.0
KKRXDNYRUZGPFM,2,6,1.0,0.9034600198060125,True,0.40833333333333327,1.0
KLLGGGQNRTVBSU,4,12,1.0,0.5048446479112215,True,0.25860088985088986,1.0
KPYSYYIEGFHWSV,3,7,1.0,0.902233963815835,True,0.37040816326530607,1.0
KQNZDYYTLMIZCT,4,22,1.0,0.6301872348331017,True,0.16776423864623977,1.0
KSQNKZMAMGACTL,4,90,1.0,0.8082353586976638,True,0.042399535308372295,1.0
KTGFOCFYOZQVRJ,2,29,2.0,0.6834689055164924,True,0.13158476475012093,0.5
KTZNZCYTXQYEHT,1,95,1.0,0.6861145129500025,True,0.04016798081845797,1.0
KWBPKUMWVXUSCA,2,4,1.0,0.7188752420741469,True,0.5208333333333333,1.0
KYWSCMDFVARMPN,6,3,2.0,0.9150576428310977,True,0.611111111111111,0.5
LESXFEZIFXFIQR,2,17,3.0,0.8350910602429913,True,0.20232661897886814,0.3333333333333333
LLQCRTZROWMVOL,5,41,1.0,0.7756039694107472,True,0.0930721506769148,1.0
LOIYMIARKYCTBW,2,6,1.0,0.8959677050513899,True,0.40833333333333327,1.0
LPMXVESGRSUGHW,10,2,1.0,0.8616672210751171,True,0.75,1.0
LSQZJLSUYDQPKJ,3,34,1.0,0.8675508592832226,True,0.11223406405157373,1.0
LUZSWWYKKLTDHU,1,13,3.0,0.516694600543382,True,0.24462567347182732,0.3333333333333333
LVVKXRQZSRUVPY,7,66,1.0,0.9209445794115939,True,0.0578175481477804,1.0
LXNHXLLTXMVWPM,5,15,1.0,0.9294985769013488,True,0.22121526621526624,1.0
LZFZMUMEGBBDTC,8,129,1.0,0.9540085256938975,True,0.02958107114537602,1.0
MALFODICFSIXPO,4,3,1.0,0.8218802694493427,True,0.611111111111111,1.0
MATGKVZWFZHCLI,5,73,1.0,0.9372785823145043,True,0.05227339969525352,1.0
MBNGWHIJMBWFHU,7,53,2.0,0.901998282101605,True,0.07199921090100957,0.5
MBRLOUHOWLUMFF,7,12,1.0,0.9252419875485504,True,0.25860088985088986,1.0
MFWNKCLOYSRHCJ,4,227,1.0,0.9179462098848566,True,0.016810388448253333,1.0
MGJLSBDCWOSMHL,9,19,1.0,0.957244093832131,True,0.18672313984966749,1.0
MKUXAQIIEYXACX,3,1,1.0,0.8664214926338909,True,1.0,1.0
MPDGHEJMBKOTSU,6,14,1.0,0.9697240733823638,True,0.23225445189730906,1.0
MXYUKLILVYORSK,4,24,1.0,0.9343327423676405,True,0.15733159073972944,1.0
NGOLMNWQNHWEKU,12,14,2.0,0.771094967907187,True,0.23225445189730906,0.5
NGSWKAQJJWESNS,3,13,1.0,0.8977129290398906,True,0.24462567347182732,1.0
NODILNFGTFIURN,5,3,1.0,0.8289138172948814,True,0.611111111111111,1.0
NTBUBTCXACOEEC,2,33,1.0,0.8500841595818858,True,0.1156350962955608,1.0
NWBJYWHLCVSVIJ,8,13,1.0,0.9693098503448112,True,0.24462567347182732,1.0
NYHBQMYGNKIUIF,6,16,1.0,0.9530005664869058,True,0.2112955620768121,1.0
OGWKCGZFUXNPDA,5,3,2.0,0.5674722208625589,True,0.611111111111111,0.5
OIGNJSKKLXVSLS,6,63,2.0,0.6457913825199997,True,0.06057076472624614,0.5
OQIQSTLJSLGHID,7,19,1.0,0.9337301682982254,True,0.18672313984966749,1.0
ORJVQPIHKOARKV,5,47,1.0,0.9364928821703072,True,0.08119059952667036,1.0
OZWKMVRBQXNZKK,2,13,1.0,0.8639128790931657,True,0.24462567347182732,1.0
PCZOHLXUXFIOCF,3,6,1.0,0.9766939595600729,True,0.40833333333333327,1.0
PFTAWBLQPZVEMU,4,36,1.0,0.8542743067403561,True,0.10599883827093075,1.0
PHLBKPHSAVXXEF,2,40,3.0,0.8735825723520313,True,0.09539895444383767,0.3333333333333333
PLAPMLGJVGLZOV,7,28,1.0,0.9206386397117132,True,0.13628422063405382,1.0
PMTMAFAPLCGXGK,5,12,1.0,0.8783122308497981,True,0.25860088985088986,1.0
PNVNVHUZROJLTJ,2,27,1.0,0.8439702145312868,True,0.141331784361241,1.0
PRAUVHZJPXOEIF,6,14,1.0,0.8108319989217904,True,0.23225445189730906,1.0
PSGAAPLEWMOORI,5,19,1.0,0.9365137010572429,True,0.18672313984966749,1.0
PSIFNNKUMBGKDQ,4,15,1.0,0.869178691110422,True,0.22121526621526624,1.0
PZPPOCZWRGNKIR,5,1,1.0,0.8726001301259575,True,1.0,1.0
QAIPRVGONGVQAS,3,11,1.0,0.7408421011851254,True,0.2745343040797586,1.0
QANMHLXAZMSUEX,10,4,1.0,0.9767042582077001,True,0.5208333333333333,1.0
QCHFTSOMWOSFHM,4,10,1.0,0.9281382929020066,True,0.2928968253968254,1.0
QEVHRUUCFGRFIF,4,2,1.0,0.8997100716593318,True,0.75,1.0
QFJCIRLUMZQUOT,5,3,1.0,0.7789068180966849,True,0.611111111111111,1.0
QGXBDMJGAMFCBF,9,5,1.0,0.8721077608844842,True,0.45666666666666667,1.0
QIVBCDIJIAJPQS,1,16,1.0,0.9872990909233428,True,0.2112955620768121,1.0
QJPCKAJTLHDNCS,1,26,5.0,0.43614967379076147,True,0.14676762222128872,0.2
QKXGRPHIBLICSC,2,30,2.0,0.5887794032887524,True,0.1271986059251169,0.5
QPCYNIYZPDJCMB,5,74,1.0,0.9184252151759593,True,0.051567002402074416,1.0
QQTZGKRXYRFKIF,3,15,10.0,0.0,False,0.22121526621526624,0.1
QXKHYNVANLEOEG,4,4,1.0,0.9315078996587224,True,0.5208333333333333,1.0
QYIYFLOTGYLRGG,5,13,1.0,0.5625614253710841,True,0.24462567347182732,1.0
RCFGIEPQSDGMJJ,1,17,1.0,0.7963163944747719,True,0.20232661897886814,1.0
RCINICONZNJXQF,13,2,1.0,0.8928309342003603,True,0.75,1.0
RFDAIACWWDREDC,7,6,1.0,0.9410030171597563,True,0.40833333333333327,1.0
RGNXWPVNPFAADO,5,38,1.0,0.8285069892069667,True,0.10041995204614491,1.0
RHMXXJGYXNZAPX,2,34,1.0,0.7995415127739585,True,0.11223406405157373,1.0
RKUNBYITZUJHSG,4,101,1.0,0.9140107089620602,True,0.03778176413617333,1.0
RMMXLENWKUUMAY,3,4,1.0,0.9674111174440344,True,0.5208333333333333,1.0
RNKMOGIPOMVCHO,2,5,1.0,0.9839149455385723,True,0.45666666666666667,1.0
RODXRVNMMDRFIK,2,19,1.0,0.8477504351053988,True,0.18672313984966749,1.0
RONZAEMNMFQXRA,1,12,1.0,0.8376155364807204,True,0.25860088985088986,1.0
RTIXKCRFFJGDFG,1,35,1.0,0.7988100280854451,True,0.10902737650724305,1.0
RUDATBOHQWOJDD,5,11,1.0,0.9018630270658077,True,0.2745343040797586,1.0
RWQKHEORZBHNRI,9,7,1.0,0.8478812418335371,True,0.37040816326530607,1.0
RXGUTQNKCXHALN,8,88,1.0,0.7771584919151393,True,0.043363161110835304,1.0
RXPRRQLKFXBCSJ,4,96,1.0,0.9111720054189426,True,0.03974956435159903,1.0
RYMZZMVNJRMUDD,4,8,1.0,0.8741512994688656,True,0.3397321428571428,1.0
RYYVLZVUVIJVGH,4,4,1.0,0.9425220791154613,True,0.5208333333333333,1.0
RZGFUGXQKMEMOO,5,5,1.0,0.6671940677838766,True,0.45666666666666667,1.0
RZJQGNCSTQAWON,8,39,1.0,0.9321244819963295,True,0.09784508148085914,1.0
SDIVYZXRQHWCKF,3,44,1.0,0.88109260401432,True,0.08672632222167061,1.0
SEEGHKWOBVVBTQ,10,123,1.0,0.9444825324392822,True,0.031024050225638266,1.0
SGEWCQFRYRRZDC,8,30,1.0,0.9179434919953409,True,0.1271986059251169,1.0
SHIBSTMRCDJXLN,9,26,2.0,0.9868209087206433,True,0.14676762222128872,0.5
SLYDIPAXCVVRNY,9,11,1.0,0.2541821284671701,True,0.2745343040797586,1.0
SNGHLUWTFLYPMT,4,5,1.5,0.8025191750703659,True,0.45666666666666667,0.6666666666666666
SPJFYYJXNPEZDW,2,5,1.0,0.8963147609575135,True,0.45666666666666667,1.0
SQFSKOYWJBQGKQ,2,52,6.0,0.6416538357574408,True,0.07338381111064436,0.16666666666666666
SQOJOAFXDQDRGF,9,20,1.0,0.7076935256509798,True,0.1798869828571841,1.0
STECJAGHUSJQJN,5,164,1.0,0.9227046953311837,True,0.0232680376692287,1.0
STZYTFJPGGDRJD,4,1,1.0,0.9067995685536433,True,1.0,1.0
SUBDBMMJDZJVOS,2,174,1.0,0.5249615411753875,True,0.021930794125020154,1.0
TWDKBDSVUUKABK,7,40,1.0,0.7984138573758325,True,0.09539895444383767,1.0
TZBJGXHYKVUXJN,3,39,2.0,0.8587401838276341,True,0.09784508148085914,0.5
TZJALUIVHRYQQB,12,3,1.0,0.926264959388257,True,0.611111111111111,1.0
UEDUENGHJMELGK,12,4,1.0,0.9364982560307828,True,0.5208333333333333,1.0
UIDGLYUNOUKLBM,2,12,1.0,0.9476098828507262,True,0.25860088985088986,1.0
UIKROCXWUNQSPJ,1,4,1.0,0.9111424960361602,True,0.5208333333333333,1.0
ULGZDMOVFRHVEP,2,3,1.0,0.7936029927550828,True,0.611111111111111,1.0
UPALKCDWIDYZDP,6,2,1.0,0.776279305823175,True,0.75,1.0
URFCJEUYXNAHFI,1,20,2.0,0.6666158096767508,True,0.1798869828571841,0.5
UYRHHBXYXSYGHA,2,4,1.0,0.8757969068921886,True,0.5208333333333333,1.0
UZKQTCBAMSWPJD,10,13,1.0,0.9831429565384904,True,0.24462567347182732,1.0
VAOCPAMSLUNLGC,1,4,1.0,0.8714096905847911,True,0.5208333333333333,1.0
VGEREEWJJVICBM,10,25,1.0,0.9664529957293204,True,0.15263832711014028,1.0
VHBFFQKBGNRLFZ,3,12,1.0,0.9572514214905565,True,0.25860088985088986,1.0
VHRSUDSXCMQTMA,10,38,1.0,0.8712571965792331,True,0.10041995204614491,1.0
VMXUWOKSQNHOCA,1,113,1.0,0.9097220622627447,True,0.033769541396048736,1.0
VNONINPVFQTJOC,2,4,1.0,0.6709975640928705,True,0.5208333333333333,1.0
VRSRXLJTYQVOHC,4,15,1.0,0.908105613188716,True,0.22121526621526624,1.0
WCGUUGGRBIKTOS,4,13,1.0,0.7273799364862695,True,0.24462567347182732,1.0
WIONIXOBNMDJFJ,1,2,1.0,0.9072952454093733,True,0.75,1.0
WJXSWCUQABXPFS,3,29,1.0,0.9016864612362715,True,0.13158476475012093,1.0
WMBWREPUVVBILR,5,3,1.0,0.9770280739012802,True,0.611111111111111,1.0
WOXKDUGGOYFFRN,3,45,1.0,0.8884198804400243,True,0.08479907061674459,1.0
WQMLFJWIKARBFW,2,5,1.0,0.7829198069389245,True,0.45666666666666667,1.0
WSQWAMGRHJQANC,2,55,28.0,0.06549860597894643,True,0.06938105777733648,0.0
WTDRDQBEARUVNC,8,5,1.0,0.9300561357208323,True,0.45666666666666667,1.0
WYJAPUKIYAZSEM,4,74,1.0,0.870876353935415,True,0.051567002402074416,1.0
XEVQXKKKAVVSMW,3,2,1.0,0.8435497504231873,True,0.75,1.0
XFZJEEAOWLFHDH,12,5,1.0,0.8708598269021204,True,0.45666666666666667,1.0
XGYIMTFOTBMPFP,5,12,2.0,0.97165371511102,True,0.25860088985088986,0.5
XHCADAYNFIFUHF,10,109,3.0,0.9762002226615387,True,0.035008790621591804,0.3333333333333333
XJLATMLVMSFZBN,8,16,1.0,0.9199964361267576,True,0.2112955620768121,1.0
XJQPQKLURWNAAH,6,20,1.0,0.9832389462234903,True,0.1798869828571841,1.0
XKLMZUWKNUAPSZ,2,9,1.0,0.9574662980714668,True,0.31432980599647264,1.0
XNXXZRQPTAQILV,2,3,1.0,0.8224125240145905,True,0.611111111111111,1.0
XOJVHLIYNSOZOO,9,7,1.0,0.8282065427393387,True,0.37040816326530607,1.0
XQCGNURMLWFQJR,5,6,1.0,0.736372312878827,True,0.40833333333333327,1.0
XQYZDYMELSJDRZ,4,184,1.0,0.9264670857553584,True,0.02073890313996471,1.0
XRWQBDJPMXRDOQ,1,7,1.0,0.7545704418031942,True,0.37040816326530607,1.0
XUCIJNAGGSZNQT,9,5,1.0,0.909128516158115,True,0.45666666666666667,1.0
XUFQPHANEAPEMJ,2,18,1.0,0.889496510889766,True,0.1941726710109063,1.0
XVPBINOPNYFXID,4,35,1.0,0.9274955561910834,True,0.10902737650724305,1.0
XYYAFLHHHZVPRN,3,9,1.0,0.9665338784214828,True,0.31432980599647264,1.0
XZTUSOXSLKTKJQ,9,9,1.0,0.8984201852392555,True,0.31432980599647264,1.0
YGPSJZOEDVAXAB,2,10,1.0,0.7910290458415415,True,0.2928968253968254,1.0
YHKYFYCSTJGMID,3,24,18.0,0.0,False,0.15733159073972944,0.05555555555555555
YKJYKKNCCRKFSL,5,77,3.0,0.727438857768067,True,0.04955789841238321,0.3333333333333333
YKPUWZUDDOIDPM,5,59,1.0,0.9795406723980987,True,0.06467725725005943,1.0
YKRGDOXKVOZESV,10,7,1.0,0.9114909232565789,True,0.37040816326530607,1.0
YRRAGUMVDQQZIY,7,20,1.0,0.7557100686549425,True,0.1798869828571841,1.0
YWJXCIXBAKGUKZ,9,29,1.0,0.7785281724107039,True,0.13158476475012093,1.0
YZMKFMIZNSOPSN,3,4,3.0,0.10921322174397816,True,0.5208333333333333,0.3333333333333333
ZBHUUXLHDOUMKM,2,41,1.0,0.8911817540431244,True,0.0930721506769148,1.0
ZFXYFBGIUFBOJW,2,11,1.0,0.8722300256546789,True,0.2745343040797586,1.0
ZGLXUQQMLLIKAN,1,63,1.0,0.6473069115552739,True,0.06057076472624614,1.0
ZHSOTLOTTDYIIK,8,2,1.0,0.9215392750211467,True,0.75,1.0
ZJTJUVIJVLLGSP,3,8,1.0,0.7409596068161232,True,0.3397321428571428,1.0
ZKLPARSLTMPFCP,2,67,1.0,0.9415011399306656,True,0.05695459966796279,1.0
ZNJFBWYDHIGLCU,10,2,1.0,0.8921690202421279,True,0.75,1.0
ZRJBHWIHUMBLCN,4,22,1.0,0.8702937687754649,True,0.16776423864623977,1.0
ZTHLHHDJRXJGRX,2,34,2.0,0.7795750818155534,True,0.11223406405157373,0.5
ZZVUWRFHKOJYTH,2,10,1.0,0.9529885695363174,True,0.2928968253968254,1.0
