ingest_lib,spectra,structures,formulas,spectra_per_structure
enveda-180,1153785,182941,22266,6.306869427848323
pluskal_ms2,527581,46821,21100,11.268042117853101
riken,347171,15892,9147,21.845645607853008
gnps,220849,45750,23559,4.827300546448088
massbank,101727,9180,6064,11.081372549019608
mona,92416,11681,7263,7.911651399708929
spectraverse,50933,9631,5095,5.2884435676461425
msdial,40765,9127,5732,4.4664183192724884
drug_plus,2545,2539,2225,1.0023631350925561
enveda-np-examples,1184,250,240,4.736
masaryk,652,416,407,1.5673076923076923
