,np-examples → nearest enveda-180,np-examples → nearest other public structure,public (random 2k) → nearest other public
count,250.0,250.0,2000.0
mean,0.30919017939009824,0.7622599617795471,0.6859342431664345
std,0.10405914443717601,0.13376009250817172,0.19321931973181894
min,0.1592920353982301,0.32432432432432434,0.19047619047619047
10%,0.20430107526881722,0.6083199141170156,0.4473124300111982
25%,0.23076923076923078,0.6899686520376176,0.5384615384615384
50%,0.28281668580176045,0.7833333333333333,0.6511627906976745
75%,0.35674603174603176,0.8532068654019873,0.8387096774193549
90%,0.4604395604395604,0.9064144736842106,1.0
max,0.7777777777777778,1.0,1.0
