loss,enveda-180,pluskal_ms2,riken,gnps,massbank,mona,spectraverse,msdial,drug_plus,enveda-np-examples,masaryk,test (placeholder)
2H2O,0.0029962254666163974,0.010438207592767746,0.018426078215058286,0.04730834189876341,0.025706056405870613,0.045706371191135735,0.027722694520252097,0.04327241506194039,0.07701375245579568,0.08361486486486487,0.024539877300613498,0.004122011541632316
C2H2O (ketene),0.008888137737966779,0.01625153293996562,0.016110216579149756,0.03349800089654017,0.020613996284172344,0.036162569252077566,0.010523629081342155,0.025781920765362443,0.0518664047151277,0.037162162162162164,0.019938650306748466,0.00247320692497939
C2H4,0.008450447873737308,0.01519766632990953,0.010435779486189803,0.016318842285905754,0.013428096768802775,0.01564664127423823,0.004240865450690122,0.0076781552802649335,0.03261296660117878,0.002533783783783784,0.010736196319018405,0.01483924154987634
C3H6 (propene),0.008830934706206096,0.012722217062403687,0.009234642294431274,0.019108078370289203,0.017252056976024065,0.020570031163434904,0.006518367266801484,0.010965288850729792,0.03536345776031434,0.013513513513513514,0.02147239263803681,0.018961253091508656
C4H8 (isobutene),0.008450447873737308,0.017066573663570145,0.013437182253125981,0.019533708551997066,0.018913366166307864,0.02331847299168975,0.007637484538511378,0.015822396663804736,0.03693516699410609,0.019425675675675675,0.01687116564417178,0.00989282769991756
C5H8 (isoprene),0.0043170954727267214,0.0060995373222310885,0.006005685958792641,0.008299788543303342,0.003116183510769019,0.009846779778393351,0.005693754540278405,0.009051882742548756,0.016502946954813358,0.002533783783783784,0.0,0.00989282769991756
CH2O,0.0055859627226909694,0.008288774614703714,0.010980179796123524,0.01577548460712976,0.012651508449084314,0.02089465027700831,0.006989574539100387,0.01945296209984055,0.017288801571709235,0.02533783783783784,0.006134969325153374,0.005770816158285243
CH3OH,0.016353133382735953,0.01850900619999583,0.018861022378021206,0.02655207856952035,0.026443323798008397,0.03426895775623269,0.014568158168574402,0.02727830246535018,0.04479371316306483,0.037162162162162164,0.02147239263803681,0.020610057708161583
CO,0.008118496947004858,0.022915912438090075,0.024112037007699375,0.03586160679921575,0.02920561896055128,0.04098857340720222,0.013900614532817624,0.031890101803017296,0.05343811394891945,0.052364864864864864,0.029141104294478526,0.00989282769991756
CO2,0.022236378528061988,0.0572044861357782,0.022596933499629865,0.059828208413893656,0.038082318361890154,0.055931873268698064,0.015333869986060119,0.05951183613393843,0.03889980353634578,0.06503378378378379,0.013803680981595092,0.018136850783182192
H2O,0.059544889212461594,0.08814570653605797,0.058463984607009224,0.15936227920434323,0.09810571431380066,0.13504155124653738,0.09602811536724717,0.1147553047957807,0.24911591355599214,0.18074324324324326,0.05828220858895705,0.08573784006595218
HCOOH,0.0311479175062945,0.1076119117254033,0.034187763378853646,0.10699165493165014,0.053486291741622186,0.0873766447368421,0.04005261814540671,0.0626272537716178,0.1300589390962672,0.15202702702702703,0.024539877300613498,0.038746908491343775
HPO3,0.0013902070143050915,0.003260162894418108,0.0024512416071618883,0.005506024478263429,0.0024280672781070906,0.0061353012465373965,0.0014725227259340702,0.0029682325524346864,0.008644400785854617,0.004222972972972973,0.0,0.0016488046166529267
NH3,0.015271476054897577,0.02435265864388596,0.01580777196251991,0.05740121078202754,0.0347793604451129,0.049385387811634346,0.10806353444721496,0.03159573163252791,0.10884086444007858,0.056587837837837836,0.04754601226993865,0.014014839241549877
SO3,0.0004862257699658082,0.00079798173171513,0.0020335799937206737,0.003853311538653107,0.0033422788443579383,0.005897247229916898,0.002120432725345061,0.0032626027229240772,0.00275049115913556,0.0016891891891891893,0.0015337423312883436,0.0
deoxyhexose,0.006619950857395442,0.009837351989552314,0.013379573754720297,0.016626744970545487,0.013899947899770955,0.029226540858725763,0.00787308817466083,0.01982092481295229,0.019646365422396856,0.041385135135135136,0.0015337423312883436,0.00989282769991756
glucuronide,0.006320935009555506,0.005202992526266109,0.00625628292685737,0.008385820175776208,0.006596085601659343,0.011762032548476454,0.003671489996662282,0.007825340365509628,0.010216110019646365,0.026182432432432432,0.0,0.008244023083264633
hexose,0.00891847267905199,0.01457596084771817,0.02357915839744679,0.02632115155604055,0.026128756377362942,0.04554406163434903,0.013606109987630809,0.03897951674230345,0.029469548133595286,0.08699324324324324,0.0,0.018961253091508656
malonylhexose,0.003263172948166253,0.0038363777315710765,0.0037099872973261013,0.00625766926723689,0.004158188091657082,0.008169581024930747,0.0021400663616908486,0.003434318655709555,0.004322200392927309,0.021114864864864864,0.0,0.00247320692497939
pentose,0.005018265968096309,0.008531391388241806,0.013235552508706084,0.020271769399001126,0.015118896654772085,0.03261340027700831,0.007028841811791962,0.02131730651294002,0.028683693516699412,0.03462837837837838,0.009202453987730062,0.006595218466611707
rutinoside,0.0,0.0,0.0,0.0,0.0,0.0,0.0,0.0,0.0,0.0,0.0,0.0
