bin,n,hit,decoy,chance_corrected,lib,mode,window_mDa
<0.01%,26230,0.2989325200152497,0.24574914220358368,0.07051152446421352,enveda-np-examples,positive,2.169
0.01–0.03%,34172,0.4131452651293457,0.3134730188458387,0.1451832907075874,enveda-np-examples,positive,2.169
0.03–0.1%,51142,0.475871103984983,0.35207852645575066,0.1910610816030903,enveda-np-examples,positive,2.169
0.1–0.3%,46579,0.5368299018871165,0.37084308379312564,0.26382419682312197,enveda-np-examples,positive,2.169
0.3–1%,40527,0.5955042317467367,0.3673106817677104,0.36067236067236064,enveda-np-examples,positive,2.169
1–3%,23936,0.6900066844919787,0.3708639705882353,0.5072713991632911,enveda-np-examples,positive,2.169
3–10%,15015,0.7758907758907759,0.37778887778887776,0.63981803585764,enveda-np-examples,positive,2.169
≥10%,9253,0.9024100291797255,0.40603047660218305,0.8356986899563318,enveda-np-examples,positive,2.169
<0.01%,3210,0.1707165109034268,0.1353582554517134,0.04089353269681138,enveda-np-examples,negative,3.084
0.01–0.03%,4973,0.24834104162477377,0.19977880554996982,0.060686015831134574,enveda-np-examples,negative,3.084
0.03–0.1%,8490,0.38209658421672554,0.2630153121319199,0.16157903148473704,enveda-np-examples,negative,3.084
0.1–0.3%,7573,0.5623927109467847,0.359236762181434,0.31705306543019074,enveda-np-examples,negative,3.084
0.3–1%,6511,0.6980494547688527,0.4187528797419751,0.48051261725459105,enveda-np-examples,negative,3.084
1–3%,4272,0.7769194756554307,0.43387172284644193,0.6059541037833368,enveda-np-examples,negative,3.084
3–10%,3237,0.8229842446709916,0.44640098856966326,0.6802455357142857,enveda-np-examples,negative,3.084
≥10%,2595,0.9144508670520232,0.42890173410404625,0.8502024291497976,enveda-np-examples,negative,3.084
<0.01%,209938,0.2605721689260639,0.2059346092655927,0.06880738072457551,enveda-180,positive,2.0
0.01–0.03%,120820,0.5093113722893561,0.35770567786790264,0.23603773098631484,enveda-180,positive,2.0
0.03–0.1%,109250,0.625162471395881,0.4165766590389016,0.35752051334347884,enveda-180,positive,2.0
0.1–0.3%,64858,0.7072373492861328,0.44579697184618705,0.47174115650516774,enveda-180,positive,2.0
0.3–1%,42058,0.7643254553236007,0.45809358504921777,0.5651010245047496,enveda-180,positive,2.0
1–3%,22160,0.8129512635379061,0.4800090252707581,0.6402846480951141,enveda-180,positive,2.0
3–10%,14681,0.8122062529800422,0.48062121108916284,0.6384262295081967,enveda-180,positive,2.0
≥10%,10723,0.934533246293015,0.5331530355311014,0.8597682780663205,enveda-180,positive,2.0
<0.01%,30714,0.10604284691020381,0.09791951553037703,0.009005107104830984,enveda-180,negative,2.0
0.01–0.03%,17916,0.16387586514847063,0.13432127707077474,0.03414036558238497,enveda-180,negative,2.0
0.03–0.1%,17895,0.23442302319083544,0.17440625873148924,0.07269527548395832,enveda-180,negative,2.0
0.1–0.3%,9228,0.4107065452969224,0.27297355873428697,0.18944701147712026,enveda-180,negative,2.0
0.3–1%,8217,0.4758427649993915,0.3063770232444931,0.24431967716466355,enveda-180,negative,2.0
1–3%,4057,0.7047079122504314,0.43554350505299483,0.47685589519650656,enveda-180,negative,2.0
3–10%,2922,0.7891854893908282,0.47381930184804927,0.599349593495935,enveda-180,negative,2.0
≥10%,2650,0.9569811320754718,0.5022641509433963,0.9135708870356332,enveda-180,negative,2.0
<0.01%,5018,0.14806695894778796,0.1120964527700279,0.04051172707889125,gnps,positive,2.0
0.01–0.03%,16662,0.14049933981514826,0.11589244988596807,0.02783246215463989,gnps,positive,2.0
0.03–0.1%,40801,0.16006960613710447,0.11720300973015367,0.04855770565534855,gnps,positive,2.0
0.1–0.3%,27903,0.3217216786725442,0.20015768913736876,0.15198494488753475,gnps,positive,2.0
0.3–1%,22120,0.5015822784810127,0.30076853526220615,0.28719208637744875,gnps,positive,2.0
1–3%,16186,0.5617200049425429,0.3123687137032003,0.3626235399820305,gnps,positive,2.0
3–10%,10431,0.6560253091745758,0.33237465247819004,0.48477886272257326,gnps,positive,2.0
≥10%,6943,0.7417542848912574,0.34063085121705317,0.608344255133246,gnps,positive,2.0
<0.01%,1978,0.10111223458038422,0.06976744186046512,0.03369565217391304,gnps,negative,2.361
0.01–0.03%,3062,0.12279555845852384,0.09128020901371653,0.03468104222821204,gnps,negative,2.361
0.03–0.1%,2508,0.23484848484848486,0.1257974481658692,0.1247434435575827,gnps,negative,2.361
0.1–0.3%,2462,0.42607636068237204,0.21588139723801786,0.26806526806526804,gnps,negative,2.361
0.3–1%,2875,0.5085217391304347,0.28208695652173915,0.315406976744186,gnps,negative,2.361
1–3%,16811,0.16227470108857295,0.13526857414787938,0.031230652816949825,gnps,negative,2.361
3–10%,1937,0.48890036138358284,0.2898812596799174,0.28026172300981456,gnps,negative,2.361
≥10%,1065,0.7267605633802817,0.323943661971831,0.5958333333333333,gnps,negative,2.361
<0.01%,0,,,,pluskal_ms2,positive,2.0
0.01–0.03%,3,1.0,0.5,1.0,pluskal_ms2,positive,2.0
0.03–0.1%,887,0.6910935738444194,0.2976324689966178,0.5601926163723917,pluskal_ms2,positive,2.0
0.1–0.3%,4395,0.7474402730375427,0.3507394766780432,0.6110040301384265,pluskal_ms2,positive,2.0
0.3–1%,8082,0.8176194011383321,0.3963746597376887,0.6978579481397971,pluskal_ms2,positive,2.0
1–3%,6105,0.8733824733824734,0.4131859131859132,0.7842288904396373,pluskal_ms2,positive,2.0
3–10%,3990,0.9255639097744361,0.4496240601503759,0.8647540983606559,pluskal_ms2,positive,2.0
≥10%,3506,0.9452367370222475,0.4582144894466629,0.8989207686233218,pluskal_ms2,positive,2.0
<0.01%,0,,,,pluskal_ms2,negative,2.0
0.01–0.03%,1,1.0,0.0,1.0,pluskal_ms2,negative,2.0
0.03–0.1%,222,0.8378378378378378,0.32882882882882886,0.7583892617449662,pluskal_ms2,negative,2.0
0.1–0.3%,941,0.7438894792773645,0.33953241232731135,0.6122284794851166,pluskal_ms2,negative,2.0
0.3–1%,1896,0.7774261603375527,0.37104430379746833,0.6461215932914046,pluskal_ms2,negative,2.0
1–3%,1571,0.8287714831317632,0.392106938255888,0.7183246073298428,pluskal_ms2,negative,2.0
3–10%,1070,0.9158878504672897,0.38317757009345793,0.8636363636363634,pluskal_ms2,negative,2.0
≥10%,1242,0.9404186795491143,0.4178743961352657,0.8976486860304287,pluskal_ms2,negative,2.0
<0.01%,0,,,,riken,positive,3.3000000000000003
0.01–0.03%,0,,,,riken,positive,3.3000000000000003
0.03–0.1%,0,,,,riken,positive,3.3000000000000003
0.1–0.3%,0,,,,riken,positive,3.3000000000000003
0.3–1%,756,0.5132275132275133,0.3644179894179894,0.23413111342351722,riken,positive,3.3000000000000003
1–3%,15120,0.42784391534391536,0.2957671957671958,0.18754695717505634,riken,positive,3.3000000000000003
3–10%,9541,0.5111623519547217,0.3229745309715963,0.27796269061072837,riken,positive,3.3000000000000003
≥10%,5719,0.6698723553068718,0.401905927609722,0.4480339131705891,riken,positive,3.3000000000000003
<0.01%,0,,,,riken,negative,4.578
0.01–0.03%,0,,,,riken,negative,4.578
0.03–0.1%,0,,,,riken,negative,4.578
0.1–0.3%,0,,,,riken,negative,4.578
0.3–1%,0,,,,riken,negative,4.578
1–3%,1232,0.685064935064935,0.4318181818181818,0.44571428571428573,riken,negative,4.578
3–10%,802,0.7344139650872819,0.46571072319201995,0.5029171528588099,riken,negative,4.578
≥10%,655,0.7770992366412214,0.4389312977099237,0.6027210884353742,riken,negative,4.578
<0.01%,19910,0.17162230035158213,0.14605725765946762,0.029937654393600754,mona,positive,2.307
0.01–0.03%,24249,0.22499896902965072,0.17503814590292383,0.06056137369091956,mona,positive,2.307
0.03–0.1%,46983,0.2341272375114403,0.1882276568120384,0.05654242976441745,mona,positive,2.307
0.1–0.3%,30056,0.3968924673941975,0.28784602076124566,0.1531220070545913,mona,positive,2.307
0.3–1%,26892,0.5068049977688532,0.3335750409043582,0.25993917919816983,mona,positive,2.307
1–3%,22369,0.5192453842371139,0.3167553310384908,0.29636536133738994,mona,positive,2.307
3–10%,21860,0.4193961573650503,0.2365050320219579,0.23954463750748953,mona,positive,2.307
≥10%,9011,0.7110198646099212,0.3439129952280546,0.5595399188092016,mona,positive,2.307
<0.01%,9690,0.10196078431372549,0.09004127966976264,0.013098950949815712,mona,negative,4.743
0.01–0.03%,5980,0.18695652173913044,0.14857859531772574,0.04507512520868115,mona,negative,4.743
0.03–0.1%,6003,0.24720972846909878,0.17124770947859402,0.09165829145728643,mona,negative,4.743
0.1–0.3%,3648,0.39035087719298245,0.26740679824561403,0.16782039289055192,mona,negative,4.743
0.3–1%,2728,0.5674486803519062,0.35373900293255134,0.3306863301191152,mona,negative,4.743
1–3%,18428,0.15389624484480138,0.12220533970045583,0.03610286844708209,mona,negative,4.743
3–10%,4111,0.3480904889321333,0.22160058379956216,0.16249999999999998,mona,negative,4.743
≥10%,3226,0.49876007439553627,0.3355548667079975,0.24562631210636812,mona,negative,4.743
<0.01%,0,,,,massbank,positive,2.0
0.01–0.03%,0,,,,massbank,positive,2.0
0.03–0.1%,0,,,,massbank,positive,2.0
0.1–0.3%,1504,0.668218085106383,0.26263297872340424,0.5500450856627593,massbank,positive,2.0
0.3–1%,3228,0.6942379182156134,0.36198884758364314,0.5207574654042244,massbank,positive,2.0
1–3%,5356,0.7247946228528753,0.34970126960418224,0.5768016078093599,massbank,positive,2.0
3–10%,4547,0.7961293160325489,0.3458324169782274,0.6883509833585476,massbank,positive,2.0
≥10%,4385,0.8513112884834664,0.3071835803876853,0.7853851217906518,massbank,positive,2.0
<0.01%,0,,,,massbank,negative,2.0
0.01–0.03%,0,,,,massbank,negative,2.0
0.03–0.1%,0,,,,massbank,negative,2.0
0.1–0.3%,250,0.612,0.304,0.4425287356321839,massbank,negative,2.0
0.3–1%,1011,0.5242334322453017,0.3165182987141444,0.30390738060781486,massbank,negative,2.0
1–3%,1108,0.6191335740072202,0.3370938628158845,0.42545949625595647,massbank,negative,2.0
3–10%,1115,0.7022421524663677,0.36591928251121075,0.5304101838755304,massbank,negative,2.0
≥10%,1242,0.7560386473429952,0.2918679549114332,0.6554860716316089,massbank,negative,2.0
<0.01%,0,,,,msdial,positive,5.916
0.01–0.03%,0,,,,msdial,positive,5.916
0.03–0.1%,0,,,,msdial,positive,5.916
0.1–0.3%,0,,,,msdial,positive,5.916
0.3–1%,0,,,,msdial,positive,5.916
1–3%,11332,0.8205965407695023,0.6054094599364631,0.5453427261545343,msdial,positive,5.916
3–10%,17101,0.4917841061926203,0.3642769428688381,0.2005702984868693,msdial,positive,5.916
≥10%,6947,0.8085504534331366,0.5546998704476752,0.570066267981251,msdial,positive,5.916
<0.01%,0,,,,msdial,negative,11.331
0.01–0.03%,0,,,,msdial,negative,11.331
0.03–0.1%,0,,,,msdial,negative,11.331
0.1–0.3%,0,,,,msdial,negative,11.331
0.3–1%,0,,,,msdial,negative,11.331
1–3%,1767,0.6078098471986417,0.4634974533106961,0.2689873417721519,msdial,negative,11.331
3–10%,8681,0.30687708789309986,0.28487501439926277,0.030766752577319558,msdial,negative,11.331
≥10%,2485,0.5943661971830986,0.45513078470824947,0.2555391432791729,msdial,negative,11.331
