ik14,window,same_formula,same_formula_scaffolds,pathway
AAWZDTNXLSGCEK,14,9,6,Shikimates and Phenylpropanoids
ACNHBCIZLNNLRS,30,23,21,Alkaloids
ACWBQPMHZXGDFX,38,22,22,Alkaloids
ADEBPBSSDYVVLD,38,22,22,Alkaloids
AGOYDEPGAOXOCK,6,2,2,Polyketides
AIONOLUJZLIMTK,242,230,100,Shikimates and Phenylpropanoids
ALEXXDVDDISNDU,185,129,93,Terpenoids
AMOGMTLMADGEOQ,26,13,10,Terpenoids
ANJTVLIZGCUXLD,28,27,12,Alkaloids
APAJFZPFBHMFQR,17,15,10,Polyketides
AQCHWTWZEMGIFD,23,8,8,Alkaloids
ASUTZQLVASHGKV,165,155,123,Alkaloids
ATBZZQPALSPNMF,95,83,57,Alkaloids
AUVVAXYIELKVAI,14,11,10,Alkaloids
BBMULGJBVDDDNI,39,33,28,Polyketides
BBNQQADTFFCFGB,20,20,12,Polyketides
BDCDNTVZSILEOY,48,33,21,Shikimates and Phenylpropanoids
BHQCQFFYRZLCQQ,70,61,31,Terpenoids
BJRNKVDFDLYUGJ,39,12,7,Shikimates and Phenylpropanoids
BLGXFZZNTVWLAY,228,201,156,Alkaloids
BMLIIPOXVWESJG,39,31,19,Shikimates and Phenylpropanoids
BXNJHAXVSOCGBA,31,31,22,Alkaloids
CBPNZQVSJQDFBE,6,1,1,Polyketides
CEUORZQYGODEFX,32,1,1,Alkaloids
CGIGDMFJXJATDK,42,17,11,Alkaloids
CGTADGCBEXYWNE,4,2,2,Polyketides
CJDRUOGAGYHKKD,122,117,98,Alkaloids
CJHYKSSBQRABTM,59,58,28,Terpenoids
CKEXCBVNKRHAMX,257,234,101,Shikimates and Phenylpropanoids
CKLJMWTZIZZHCS,5,5,1,Amino acids and Peptides
CLEXYFLHGFJONT,22,18,16,Alkaloids
CMKFQVZJOWHHDV,213,152,142,Alkaloids
CRSFLLTWRCYNNX,53,18,16,Shikimates and Phenylpropanoids
CTRLABGOLIVAIY,52,43,35,Alkaloids
CWVRJTMFETXNAD,73,35,23,Shikimates and Phenylpropanoids
CZMRCDWAGMRECN,264,46,22,Carbohydrates
DATAGRPVKZEWHA,22,22,5,Amino acids and Peptides
DBEPLOCGEIEOCV,10,10,8,Terpenoids
DFMAXQKDIGCMTL,52,46,32,Shikimates and Phenylpropanoids
DOFJNFPSMUCECH,164,114,65,Shikimates and Phenylpropanoids
DOUMFZQKYFQNTF,159,121,33,Shikimates and Phenylpropanoids
DUXQKCCELUKXOE,50,36,33,Shikimates and Phenylpropanoids
DVGGLGXQSFURLP,48,47,36,Shikimates and Phenylpropanoids
DWTTZBARDOXEAM,205,61,48,Polyketides
DXDRHHKMWQZJHT,145,139,78,Shikimates and Phenylpropanoids
FBPFZTCFMRRESA,6,2,1,Carbohydrates
FBWWXAGANVJTLU,253,217,115,Terpenoids
FELGMEQIXOGIFQ,86,51,45,Alkaloids
FFGPTBGBLSHEPO,18,17,16,Alkaloids
FJKROLUGYXJWQN,22,22,8,Shikimates and Phenylpropanoids
FSASIHFSFGAIJM,16,8,8,Alkaloids
FSNCEEGOMTYXKY,68,67,48,Alkaloids
FTVWIRXFELQLPI,170,168,78,Shikimates and Phenylpropanoids
FVYXIJYOAGAUQK,43,40,24,Shikimates and Phenylpropanoids
FXNFHKRTJBSTCS,136,134,46,Shikimates and Phenylpropanoids
GBOGMAARMMDZGR,30,23,22,Alkaloids
GBXSMTUPTTWBMN,71,29,26,Amino acids and Peptides
GFNANZIMVAIWHM,125,1,1,
GGJRAQULURVTAJ,67,63,26,Fatty acids
GGXICVAJURFBLW,52,46,39,Fatty acids
GMBQZIIUCVWOCD,102,96,40,Terpenoids
GRBXNADBNJGZRK,151,116,71,Polyketides
GYSCAQFHASJXRS,6,1,1,Amino acids and Peptides
GZSOSUNBTXMUFQ,115,101,67,Shikimates and Phenylpropanoids
GZYPWOGIYAIIPV,20,19,10,Terpenoids
HDACQVRGBOVJII,33,17,16,Amino acids and Peptides
HDOVUKNUBWVHOX,103,1,1,Alkaloids
HELXLJCILKEWJH,11,4,4,Terpenoids
HEYZWPRKKUGDCR,55,23,20,Terpenoids
HGJXAVROWQLCTP,24,24,23,Shikimates and Phenylpropanoids
HHJUWIANJFBDHT,5,1,1,Alkaloids
HPNSFSBZBAHARI,242,117,86,Polyketides
HSHNITRMYYLLCV,57,57,20,Shikimates and Phenylpropanoids
HSMPDPBYAYSOBC,58,56,37,Polyketides
HUSISCNTLUEZCN,15,6,6,Fatty acids
HYBRYAPKQCZIAE,152,120,92,Alkaloids
HYFHYPWGAURHIV,16,10,7,Alkaloids
IECPWNUMDGFDKC,72,71,47,Terpenoids
IEDVJHCEMCRBQM,117,84,73,Alkaloids
IFIQVSCCFRXSJV,116,115,49,Terpenoids
IKGXIBQEEMLURG,163,158,98,Shikimates and Phenylpropanoids
IKIIZLYTISPENI,37,23,17,Shikimates and Phenylpropanoids
IKMDFBPHZNJCSN,55,32,19,Shikimates and Phenylpropanoids
ILEDWLMCKZNDJK,21,20,12,Shikimates and Phenylpropanoids
IOUVKUPGCMBWBT,67,50,39,Shikimates and Phenylpropanoids
IPVQLZZIHOAWMC,45,8,7,Amino acids and Peptides
IQHUITKNHOKGFC,84,75,45,Amino acids and Peptides
IVOMOUWHDPKRLL,18,4,4,Carbohydrates
IYGYMKDQCDOMRE,120,64,54,Alkaloids
JDUWHZOLEDOQSR,6,3,3,Alkaloids
JUVIOZPCNVVQFO,132,105,62,Shikimates and Phenylpropanoids
JXLYSJRDGCGARV,15,7,5,Alkaloids
JXSVIVRDWWRQRT,218,218,96,Terpenoids
JYGXADMDTFJGBT,272,221,143,Terpenoids
JYXSWDCPHRTYGU,199,179,115,Shikimates and Phenylpropanoids
KBDSLGBFQAGHBE,80,64,54,Terpenoids
KKRXDNYRUZGPFM,19,19,12,Alkaloids
KLLGGGQNRTVBSU,105,104,32,Fatty acids
KPYSYYIEGFHWSV,13,10,1,Amino acids and Peptides
KQNZDYYTLMIZCT,162,143,72,Polyketides
KSQNKZMAMGACTL,86,58,49,Alkaloids
KTGFOCFYOZQVRJ,44,20,5,Amino acids and Peptides
KTZNZCYTXQYEHT,125,124,79,Alkaloids
KWBPKUMWVXUSCA,28,19,11,Terpenoids
KYWSCMDFVARMPN,61,57,38,Terpenoids
LESXFEZIFXFIQR,27,27,2,Amino acids and Peptides
LLQCRTZROWMVOL,402,384,248,Terpenoids
LOIYMIARKYCTBW,14,14,11,Alkaloids
LPMXVESGRSUGHW,7,2,2,Terpenoids
LSQZJLSUYDQPKJ,60,26,26,Amino acids and Peptides
LUZSWWYKKLTDHU,105,104,32,Fatty acids
LVVKXRQZSRUVPY,137,126,91,Alkaloids
LXNHXLLTXMVWPM,25,25,15,Alkaloids
LZFZMUMEGBBDTC,160,64,53,Amino acids and Peptides
MALFODICFSIXPO,20,16,15,Alkaloids
MATGKVZWFZHCLI,344,262,182,Shikimates and Phenylpropanoids
MBNGWHIJMBWFHU,262,252,68,Shikimates and Phenylpropanoids
MBRLOUHOWLUMFF,178,174,110,Shikimates and Phenylpropanoids
MFWNKCLOYSRHCJ,285,242,236,Alkaloids
MGJLSBDCWOSMHL,92,69,45,Shikimates and Phenylpropanoids
MKUXAQIIEYXACX,2,1,1,Alkaloids
MPDGHEJMBKOTSU,316,315,156,Terpenoids
MXYUKLILVYORSK,31,18,18,Alkaloids
NGOLMNWQNHWEKU,112,79,58,Shikimates and Phenylpropanoids
NGSWKAQJJWESNS,46,46,14,Shikimates and Phenylpropanoids
NODILNFGTFIURN,25,23,17,Terpenoids
NTBUBTCXACOEEC,148,144,51,Polyketides
NWBJYWHLCVSVIJ,45,6,6,Alkaloids
NYHBQMYGNKIUIF,25,10,8,Carbohydrates
OGWKCGZFUXNPDA,10,9,7,Alkaloids
OIGNJSKKLXVSLS,253,186,135,Terpenoids
OQIQSTLJSLGHID,97,92,47,Polyketides
ORJVQPIHKOARKV,78,51,40,Alkaloids
OZWKMVRBQXNZKK,48,42,27,Alkaloids
PCZOHLXUXFIOCF,115,98,69,Polyketides
PFTAWBLQPZVEMU,120,117,67,Shikimates and Phenylpropanoids
PHLBKPHSAVXXEF,107,12,11,Alkaloids
PLAPMLGJVGLZOV,157,142,65,Shikimates and Phenylpropanoids
PMTMAFAPLCGXGK,100,93,40,Fatty acids
PNVNVHUZROJLTJ,60,59,34,Alkaloids
PRAUVHZJPXOEIF,116,115,49,Terpenoids
PSGAAPLEWMOORI,100,77,50,Terpenoids
PSIFNNKUMBGKDQ,61,2,2,Alkaloids
PZPPOCZWRGNKIR,4,3,2,Alkaloids
QAIPRVGONGVQAS,68,68,19,Shikimates and Phenylpropanoids
QANMHLXAZMSUEX,16,6,6,Alkaloids
QCHFTSOMWOSFHM,26,23,15,Alkaloids
QEVHRUUCFGRFIF,11,5,4,Alkaloids
QFJCIRLUMZQUOT,6,4,4,Polyketides
QGXBDMJGAMFCBF,81,80,39,Terpenoids
QIVBCDIJIAJPQS,44,42,31,Amino acids and Peptides
QJPCKAJTLHDNCS,163,133,79,Terpenoids
QKXGRPHIBLICSC,154,111,74,Terpenoids
QPCYNIYZPDJCMB,213,126,82,Polyketides
QQTZGKRXYRFKIF,139,102,79,Polyketides
QXKHYNVANLEOEG,23,23,16,Shikimates and Phenylpropanoids
QYIYFLOTGYLRGG,12,1,1,Amino acids and Peptides
RCFGIEPQSDGMJJ,170,122,90,Shikimates and Phenylpropanoids
RCINICONZNJXQF,6,4,4,Terpenoids
RFDAIACWWDREDC,15,13,6,Terpenoids
RGNXWPVNPFAADO,136,134,46,Shikimates and Phenylpropanoids
RHMXXJGYXNZAPX,136,134,46,Polyketides
RKUNBYITZUJHSG,141,121,99,Alkaloids
RMMXLENWKUUMAY,19,2,2,Alkaloids
RNKMOGIPOMVCHO,24,21,21,Shikimates and Phenylpropanoids
RODXRVNMMDRFIK,71,71,27,Shikimates and Phenylpropanoids
RONZAEMNMFQXRA,15,7,7,Alkaloids
RTIXKCRFFJGDFG,100,97,31,Shikimates and Phenylpropanoids
RUDATBOHQWOJDD,51,50,28,Terpenoids
RWQKHEORZBHNRI,17,5,3,Shikimates and Phenylpropanoids
RXGUTQNKCXHALN,126,95,75,Amino acids and Peptides
RXPRRQLKFXBCSJ,228,201,156,Alkaloids
RYMZZMVNJRMUDD,89,83,55,Polyketides
RYYVLZVUVIJVGH,51,15,12,Alkaloids
RZGFUGXQKMEMOO,97,86,35,Fatty acids
RZJQGNCSTQAWON,57,8,6,Shikimates and Phenylpropanoids
SDIVYZXRQHWCKF,78,78,45,Alkaloids
SEEGHKWOBVVBTQ,308,185,124,Terpenoids
SGEWCQFRYRRZDC,152,134,68,Shikimates and Phenylpropanoids
SHIBSTMRCDJXLN,163,133,79,Terpenoids
SLYDIPAXCVVRNY,37,16,16,Amino acids and Peptides
SNGHLUWTFLYPMT,32,17,17,Terpenoids
SPJFYYJXNPEZDW,7,4,1,Fatty acids
SQFSKOYWJBQGKQ,262,252,68,Shikimates and Phenylpropanoids
SQOJOAFXDQDRGF,38,27,23,Terpenoids
STECJAGHUSJQJN,230,175,141,Alkaloids
STZYTFJPGGDRJD,5,1,1,Terpenoids
SUBDBMMJDZJVOS,213,118,112,Alkaloids
TWDKBDSVUUKABK,53,2,2,Alkaloids
TZBJGXHYKVUXJN,136,134,46,Shikimates and Phenylpropanoids
TZJALUIVHRYQQB,22,16,12,Shikimates and Phenylpropanoids
UEDUENGHJMELGK,11,8,8,Terpenoids
UIDGLYUNOUKLBM,118,110,66,Shikimates and Phenylpropanoids
UIKROCXWUNQSPJ,26,25,16,Alkaloids
ULGZDMOVFRHVEP,22,4,3,Polyketides
UPALKCDWIDYZDP,5,3,3,Shikimates and Phenylpropanoids
URFCJEUYXNAHFI,145,139,78,Shikimates and Phenylpropanoids
UYRHHBXYXSYGHA,18,17,12,Alkaloids
UZKQTCBAMSWPJD,26,4,4,Alkaloids
VAOCPAMSLUNLGC,6,6,5,Alkaloids
VGEREEWJJVICBM,179,172,88,Shikimates and Phenylpropanoids
VHBFFQKBGNRLFZ,30,18,16,Shikimates and Phenylpropanoids
VHRSUDSXCMQTMA,281,236,154,Terpenoids
VMXUWOKSQNHOCA,100,29,26,Alkaloids
VNONINPVFQTJOC,31,22,16,Terpenoids
VRSRXLJTYQVOHC,72,53,41,Alkaloids
WCGUUGGRBIKTOS,387,385,126,Terpenoids
WIONIXOBNMDJFJ,10,10,9,Alkaloids
WJXSWCUQABXPFS,53,52,18,Amino acids and Peptides
WMBWREPUVVBILR,25,16,12,Shikimates and Phenylpropanoids
WOXKDUGGOYFFRN,86,41,32,Alkaloids
WQMLFJWIKARBFW,45,35,24,Terpenoids
WSQWAMGRHJQANC,351,290,94,Shikimates and Phenylpropanoids
WTDRDQBEARUVNC,29,29,11,Alkaloids
WYJAPUKIYAZSEM,118,82,77,Alkaloids
XEVQXKKKAVVSMW,87,87,27,Terpenoids
XFZJEEAOWLFHDH,61,56,43,Shikimates and Phenylpropanoids
XGYIMTFOTBMPFP,22,13,11,Carbohydrates
XHCADAYNFIFUHF,154,26,17,Shikimates and Phenylpropanoids
XJLATMLVMSFZBN,15,2,1,Amino acids and Peptides
XJQPQKLURWNAAH,51,51,28,Alkaloids
XKLMZUWKNUAPSZ,35,30,26,Alkaloids
XNXXZRQPTAQILV,31,23,21,Alkaloids
XOJVHLIYNSOZOO,48,40,36,Shikimates and Phenylpropanoids
XQCGNURMLWFQJR,56,43,29,Terpenoids
XQYZDYMELSJDRZ,277,172,137,Alkaloids
XRWQBDJPMXRDOQ,66,46,27,Terpenoids
XUCIJNAGGSZNQT,47,8,8,Amino acids and Peptides
XUFQPHANEAPEMJ,69,2,2,Alkaloids
XVPBINOPNYFXID,71,70,36,Alkaloids
XYYAFLHHHZVPRN,118,116,61,Terpenoids
XZTUSOXSLKTKJQ,105,98,56,Terpenoids
YGPSJZOEDVAXAB,35,32,17,Amino acids and Peptides
YHKYFYCSTJGMID,59,44,40,Amino acids and Peptides
YKJYKKNCCRKFSL,126,113,50,Alkaloids
YKPUWZUDDOIDPM,103,94,71,Alkaloids
YKRGDOXKVOZESV,53,46,40,Terpenoids
YRRAGUMVDQQZIY,55,32,19,Shikimates and Phenylpropanoids
YWJXCIXBAKGUKZ,47,12,10,Shikimates and Phenylpropanoids
YZMKFMIZNSOPSN,63,37,34,Terpenoids
ZBHUUXLHDOUMKM,96,56,34,Shikimates and Phenylpropanoids
ZFXYFBGIUFBOJW,27,7,3,Alkaloids
ZGLXUQQMLLIKAN,187,131,63,Shikimates and Phenylpropanoids
ZHSOTLOTTDYIIK,3,3,2,Amino acids and Peptides
ZJTJUVIJVLLGSP,42,9,9,Alkaloids
ZKLPARSLTMPFCP,255,20,18,Alkaloids
ZNJFBWYDHIGLCU,114,114,43,Fatty acids
ZRJBHWIHUMBLCN,48,48,42,Alkaloids
ZTHLHHDJRXJGRX,208,205,58,Shikimates and Phenylpropanoids
ZZVUWRFHKOJYTH,18,18,13,Alkaloids
