inchikey14,n_spectra,polarities,n_adducts,has_merged,n_single_energies
AAWZDTNXLSGCEK,1,negative,1,True,0
ACNHBCIZLNNLRS,12,negative+positive,3,True,4
ACWBQPMHZXGDFX,5,negative+positive,5,True,0
ADEBPBSSDYVVLD,4,positive,1,True,3
AGOYDEPGAOXOCK,2,negative+positive,2,True,0
AIONOLUJZLIMTK,2,negative+positive,2,True,0
ALEXXDVDDISNDU,10,negative+positive,3,True,4
AMOGMTLMADGEOQ,9,negative+positive,2,True,4
ANJTVLIZGCUXLD,4,positive,1,True,3
APAJFZPFBHMFQR,2,negative,1,False,2
AQCHWTWZEMGIFD,8,negative+positive,3,True,3
ASUTZQLVASHGKV,5,positive,1,True,4
ATBZZQPALSPNMF,1,positive,1,False,1
AUVVAXYIELKVAI,4,positive,1,True,3
BBMULGJBVDDDNI,13,negative+positive,5,True,4
BBNQQADTFFCFGB,1,positive,1,False,1
BDCDNTVZSILEOY,3,negative,1,True,2
BHQCQFFYRZLCQQ,9,negative+positive,9,True,0
BJRNKVDFDLYUGJ,2,negative,1,True,1
BLGXFZZNTVWLAY,12,negative+positive,3,True,3
BMLIIPOXVWESJG,10,negative+positive,2,True,4
BXNJHAXVSOCGBA,4,positive,1,True,3
CBPNZQVSJQDFBE,5,negative,1,True,4
CEUORZQYGODEFX,2,negative+positive,2,True,0
CGIGDMFJXJATDK,4,negative+positive,4,True,0
CGTADGCBEXYWNE,1,negative,1,False,1
CJDRUOGAGYHKKD,4,positive,1,True,3
CJHYKSSBQRABTM,1,positive,1,False,1
CKEXCBVNKRHAMX,7,negative+positive,2,True,3
CKLJMWTZIZZHCS,2,negative+positive,2,True,0
CLEXYFLHGFJONT,4,positive,1,True,3
CMKFQVZJOWHHDV,5,positive,1,True,4
CRSFLLTWRCYNNX,4,negative+positive,2,True,2
CTRLABGOLIVAIY,2,positive,2,True,0
CWVRJTMFETXNAD,4,negative+positive,4,True,0
CZMRCDWAGMRECN,1,negative,1,True,0
DATAGRPVKZEWHA,2,negative+positive,2,True,0
DBEPLOCGEIEOCV,3,positive,3,True,0
DFMAXQKDIGCMTL,4,positive,1,True,3
DOFJNFPSMUCECH,2,negative+positive,2,False,1
DOUMFZQKYFQNTF,11,negative+positive,2,True,5
DUXQKCCELUKXOE,12,negative+positive,3,True,4
DVGGLGXQSFURLP,12,negative+positive,3,True,4
DWTTZBARDOXEAM,5,negative+positive,2,True,3
DXDRHHKMWQZJHT,9,negative+positive,2,True,4
FBPFZTCFMRRESA,1,negative,1,True,0
FBWWXAGANVJTLU,5,negative+positive,5,True,0
FELGMEQIXOGIFQ,1,positive,1,True,0
FFGPTBGBLSHEPO,1,positive,1,True,0
FJKROLUGYXJWQN,2,negative+positive,2,True,0
FSASIHFSFGAIJM,5,positive,1,True,4
FSNCEEGOMTYXKY,2,negative+positive,2,False,1
FTVWIRXFELQLPI,3,negative+positive,3,True,0
FVYXIJYOAGAUQK,2,negative,1,False,2
FXNFHKRTJBSTCS,3,positive,1,False,3
GBOGMAARMMDZGR,8,negative+positive,3,True,3
GBXSMTUPTTWBMN,9,negative+positive,3,True,4
GFNANZIMVAIWHM,5,negative+positive,5,True,0
GGJRAQULURVTAJ,1,positive,1,False,1
GGXICVAJURFBLW,5,positive,5,True,0
GMBQZIIUCVWOCD,6,positive,2,True,4
GRBXNADBNJGZRK,3,negative,1,False,3
GYSCAQFHASJXRS,8,negative+positive,3,True,2
GZSOSUNBTXMUFQ,9,negative+positive,2,True,4
GZYPWOGIYAIIPV,11,negative+positive,3,True,4
HDACQVRGBOVJII,3,negative+positive,3,True,0
HDOVUKNUBWVHOX,2,positive,2,True,0
HELXLJCILKEWJH,17,negative+positive,4,True,4
HEYZWPRKKUGDCR,6,negative+positive,2,True,4
HGJXAVROWQLCTP,1,positive,1,False,1
HHJUWIANJFBDHT,6,negative+positive,2,True,3
HPNSFSBZBAHARI,9,negative+positive,2,True,4
HSHNITRMYYLLCV,5,negative+positive,2,True,3
HSMPDPBYAYSOBC,5,positive,2,True,3
HUSISCNTLUEZCN,1,positive,1,False,1
HYBRYAPKQCZIAE,4,positive,1,True,3
HYFHYPWGAURHIV,5,positive,2,True,3
IECPWNUMDGFDKC,5,negative+positive,5,True,0
IEDVJHCEMCRBQM,1,positive,1,True,0
IFIQVSCCFRXSJV,2,negative+positive,2,False,2
IKGXIBQEEMLURG,3,negative+positive,3,True,0
IKIIZLYTISPENI,10,negative+positive,3,True,4
IKMDFBPHZNJCSN,1,positive,1,True,0
ILEDWLMCKZNDJK,1,positive,1,True,0
IOUVKUPGCMBWBT,6,negative+positive,2,True,4
IPVQLZZIHOAWMC,3,negative+positive,3,True,0
IQHUITKNHOKGFC,1,positive,1,True,0
IVOMOUWHDPKRLL,3,negative+positive,3,True,0
IYGYMKDQCDOMRE,9,positive,2,True,4
JDUWHZOLEDOQSR,4,negative,1,True,3
JUVIOZPCNVVQFO,2,negative,1,True,1
JXLYSJRDGCGARV,2,positive,1,True,1
JXSVIVRDWWRQRT,5,positive,1,True,4
JYGXADMDTFJGBT,6,negative+positive,6,True,0
JYXSWDCPHRTYGU,2,negative+positive,2,False,2
KBDSLGBFQAGHBE,5,negative+positive,5,True,0
KKRXDNYRUZGPFM,2,negative+positive,2,False,1
KLLGGGQNRTVBSU,4,negative+positive,4,False,2
KPYSYYIEGFHWSV,3,negative+positive,3,True,0
KQNZDYYTLMIZCT,4,positive,1,True,3
KSQNKZMAMGACTL,4,positive,1,True,3
KTGFOCFYOZQVRJ,2,negative+positive,2,True,0
KTZNZCYTXQYEHT,1,positive,1,False,1
KWBPKUMWVXUSCA,2,negative+positive,2,False,2
KYWSCMDFVARMPN,6,negative+positive,4,True,2
LESXFEZIFXFIQR,2,negative+positive,2,True,0
LLQCRTZROWMVOL,5,negative+positive,5,False,1
LOIYMIARKYCTBW,2,negative+positive,2,True,0
LPMXVESGRSUGHW,10,negative+positive,3,True,4
LSQZJLSUYDQPKJ,3,negative+positive,3,True,0
LUZSWWYKKLTDHU,1,positive,1,False,1
LVVKXRQZSRUVPY,7,negative+positive,2,True,4
LXNHXLLTXMVWPM,5,negative+positive,5,True,0
LZFZMUMEGBBDTC,8,negative+positive,2,True,3
MALFODICFSIXPO,4,positive,1,True,3
MATGKVZWFZHCLI,5,positive,1,True,4
MBNGWHIJMBWFHU,7,negative+positive,2,True,3
MBRLOUHOWLUMFF,7,positive,2,True,4
MFWNKCLOYSRHCJ,4,positive,1,True,3
MGJLSBDCWOSMHL,9,negative+positive,2,True,4
MKUXAQIIEYXACX,3,negative+positive,3,True,0
MPDGHEJMBKOTSU,6,negative+positive,6,True,0
MXYUKLILVYORSK,4,positive,1,True,3
NGOLMNWQNHWEKU,12,negative+positive,4,True,4
NGSWKAQJJWESNS,3,negative+positive,3,True,0
NODILNFGTFIURN,5,positive,1,True,4
NTBUBTCXACOEEC,2,negative+positive,2,False,2
NWBJYWHLCVSVIJ,8,negative+positive,2,True,3
NYHBQMYGNKIUIF,6,negative+positive,2,True,4
OGWKCGZFUXNPDA,5,negative+positive,3,True,2
OIGNJSKKLXVSLS,6,negative+positive,6,True,0
OQIQSTLJSLGHID,7,negative+positive,2,True,3
ORJVQPIHKOARKV,5,positive,1,True,4
OZWKMVRBQXNZKK,2,positive,2,True,0
PCZOHLXUXFIOCF,3,positive,3,True,0
PFTAWBLQPZVEMU,4,negative+positive,4,True,0
PHLBKPHSAVXXEF,2,positive,2,True,0
PLAPMLGJVGLZOV,7,negative+positive,2,True,4
PMTMAFAPLCGXGK,5,positive,1,True,4
PNVNVHUZROJLTJ,2,positive,2,True,0
PRAUVHZJPXOEIF,6,positive,2,True,4
PSGAAPLEWMOORI,5,positive,1,True,4
PSIFNNKUMBGKDQ,4,negative+positive,4,True,0
PZPPOCZWRGNKIR,5,positive,1,True,4
QAIPRVGONGVQAS,3,negative+positive,3,True,0
QANMHLXAZMSUEX,10,negative+positive,2,True,4
QCHFTSOMWOSFHM,4,positive,1,True,3
QEVHRUUCFGRFIF,4,positive,1,True,3
QFJCIRLUMZQUOT,5,negative,2,True,3
QGXBDMJGAMFCBF,9,positive,2,True,4
QIVBCDIJIAJPQS,1,negative,1,True,0
QJPCKAJTLHDNCS,1,positive,1,False,1
QKXGRPHIBLICSC,2,negative,1,False,2
QPCYNIYZPDJCMB,5,positive,1,True,4
QQTZGKRXYRFKIF,3,negative,1,False,3
QXKHYNVANLEOEG,4,positive,1,True,3
QYIYFLOTGYLRGG,5,positive,1,True,4
RCFGIEPQSDGMJJ,1,positive,1,False,1
RCINICONZNJXQF,13,negative+positive,3,True,4
RFDAIACWWDREDC,7,negative+positive,3,True,4
RGNXWPVNPFAADO,5,negative+positive,2,True,2
RHMXXJGYXNZAPX,2,negative+positive,2,True,0
RKUNBYITZUJHSG,4,positive,1,True,3
RMMXLENWKUUMAY,3,negative+positive,3,True,0
RNKMOGIPOMVCHO,2,negative+positive,2,False,1
RODXRVNMMDRFIK,2,negative+positive,2,True,0
RONZAEMNMFQXRA,1,positive,1,True,0
RTIXKCRFFJGDFG,1,negative,1,False,1
RUDATBOHQWOJDD,5,positive,1,True,4
RWQKHEORZBHNRI,9,negative+positive,2,True,4
RXGUTQNKCXHALN,8,negative+positive,2,True,4
RXPRRQLKFXBCSJ,4,positive,1,True,3
RYMZZMVNJRMUDD,4,positive,4,True,0
RYYVLZVUVIJVGH,4,positive,1,True,3
RZGFUGXQKMEMOO,5,negative+positive,3,False,3
RZJQGNCSTQAWON,8,negative+positive,2,True,3
SDIVYZXRQHWCKF,3,positive,1,False,3
SEEGHKWOBVVBTQ,10,negative+positive,3,True,3
SGEWCQFRYRRZDC,8,negative+positive,2,True,3
SHIBSTMRCDJXLN,9,negative+positive,2,True,5
SLYDIPAXCVVRNY,9,negative+positive,4,True,4
SNGHLUWTFLYPMT,4,negative+positive,4,True,0
SPJFYYJXNPEZDW,2,negative+positive,2,False,1
SQFSKOYWJBQGKQ,2,negative+positive,2,False,2
SQOJOAFXDQDRGF,9,negative+positive,2,True,4
STECJAGHUSJQJN,5,positive,1,True,4
STZYTFJPGGDRJD,4,positive,1,True,3
SUBDBMMJDZJVOS,2,negative+positive,2,True,0
TWDKBDSVUUKABK,7,positive,2,True,4
TZBJGXHYKVUXJN,3,negative+positive,3,True,0
TZJALUIVHRYQQB,12,negative+positive,3,True,4
UEDUENGHJMELGK,12,negative+positive,3,True,4
UIDGLYUNOUKLBM,2,negative+positive,2,False,2
UIKROCXWUNQSPJ,1,positive,1,True,0
ULGZDMOVFRHVEP,2,negative+positive,2,True,0
UPALKCDWIDYZDP,6,negative+positive,3,True,2
URFCJEUYXNAHFI,1,positive,1,False,1
UYRHHBXYXSYGHA,2,negative+positive,2,False,1
UZKQTCBAMSWPJD,10,negative+positive,2,True,4
VAOCPAMSLUNLGC,1,positive,1,True,0
VGEREEWJJVICBM,10,negative+positive,2,True,4
VHBFFQKBGNRLFZ,3,positive,1,False,3
VHRSUDSXCMQTMA,10,negative+positive,2,True,4
VMXUWOKSQNHOCA,1,positive,1,True,0
VNONINPVFQTJOC,2,positive,2,False,1
VRSRXLJTYQVOHC,4,positive,1,True,3
WCGUUGGRBIKTOS,4,positive,2,True,2
WIONIXOBNMDJFJ,1,positive,1,True,0
WJXSWCUQABXPFS,3,negative+positive,3,True,0
WMBWREPUVVBILR,5,positive,1,True,4
WOXKDUGGOYFFRN,3,positive,3,True,0
WQMLFJWIKARBFW,2,positive,2,False,1
WSQWAMGRHJQANC,2,positive,2,False,1
WTDRDQBEARUVNC,8,negative+positive,2,True,3
WYJAPUKIYAZSEM,4,positive,1,True,3
XEVQXKKKAVVSMW,3,positive,3,True,0
XFZJEEAOWLFHDH,12,negative+positive,3,True,4
XGYIMTFOTBMPFP,5,positive,1,True,4
XHCADAYNFIFUHF,10,negative+positive,2,True,4
XJLATMLVMSFZBN,8,negative+positive,2,True,4
XJQPQKLURWNAAH,6,positive,2,True,4
XKLMZUWKNUAPSZ,2,positive,2,True,0
XNXXZRQPTAQILV,2,positive,1,False,2
XOJVHLIYNSOZOO,9,negative+positive,2,True,4
XQCGNURMLWFQJR,5,positive,1,True,4
XQYZDYMELSJDRZ,4,positive,1,True,3
XRWQBDJPMXRDOQ,1,positive,1,False,1
XUCIJNAGGSZNQT,9,negative+positive,2,True,4
XUFQPHANEAPEMJ,2,positive,2,True,0
XVPBINOPNYFXID,4,positive,1,True,3
XYYAFLHHHZVPRN,3,positive,3,True,0
XZTUSOXSLKTKJQ,9,positive,2,True,4
YGPSJZOEDVAXAB,2,negative+positive,2,True,0
YHKYFYCSTJGMID,3,negative,1,True,2
YKJYKKNCCRKFSL,5,positive,1,True,4
YKPUWZUDDOIDPM,5,positive,1,True,4
YKRGDOXKVOZESV,10,negative+positive,2,True,4
YRRAGUMVDQQZIY,7,negative+positive,2,True,3
YWJXCIXBAKGUKZ,9,negative+positive,2,True,4
YZMKFMIZNSOPSN,3,negative+positive,3,True,0
ZBHUUXLHDOUMKM,2,negative+positive,2,False,2
ZFXYFBGIUFBOJW,2,negative+positive,2,True,0
ZGLXUQQMLLIKAN,1,positive,1,False,1
ZHSOTLOTTDYIIK,8,negative+positive,2,True,4
ZJTJUVIJVLLGSP,3,negative+positive,3,True,0
ZKLPARSLTMPFCP,2,negative+positive,2,True,0
ZNJFBWYDHIGLCU,10,negative+positive,2,True,4
ZRJBHWIHUMBLCN,4,positive,1,True,3
ZTHLHHDJRXJGRX,2,negative+positive,2,False,2
ZZVUWRFHKOJYTH,2,positive,2,True,0
