ingest_lib,median_peaks,median_peaks_ge_0.1pct,median_peaks_ge_1pct,share_peaks_lt_0.1pct,share_spectra_lt6_peaks_ge_1pct,share_spectra_with_peaks_above_prec2,share_precursor_peak_present,median_precursor_rel_int_if_present,median_entropy,share_spectra_mz_rounded_2dec,median_share_c13_companion,median_base_peak_rel_mz,share_unsorted_spectra
enveda-180,138.0,38.0,14.0,0.7515794940220655,0.1407402592337394,0.2449442487118484,0.4572923031587341,0.11590515704682729,2.0041545584826963,0.0,0.15569487983281086,0.5006494584929965,0.0
pluskal_ms2,21.0,20.0,12.0,0.04955080995383332,0.21676481905148215,0.00807269405077135,0.6392193805311411,0.22719999999999999,1.7401343452656874,3.790887086532684e-06,0.0,0.5328198742596844,0.0
riken,9.0,9.0,8.0,0.0,0.3934170768871824,0.3101756771158881,0.29646485449533516,1.0,1.4007502617387217,0.06421331274789657,0.0,0.7557762823870734,0.0
gnps,46.0,39.0,18.0,0.32822691987328967,0.1588370334481931,0.3081788914597757,0.5722507233449099,0.32294396159749345,2.2389558327995474,0.023319100380803173,0.03468208092485549,0.585449229655602,0.0
massbank,11.0,11.0,9.0,0.0,0.3539866505450864,0.04316454825169326,0.4114640164361477,1.0,1.4694529440621409,0.10053378159190775,0.0,0.5943354443543732,0.0
mona,57.0,42.0,21.0,0.4461861118822198,0.15678021121883656,0.4237036876731302,0.4652441135734072,0.35519371,2.3879998451593565,0.05465503808864266,0.06315789473684211,0.5818973299866619,0.0
spectraverse,47.0,47.0,21.0,0.0,0.15304419531541436,0.12547856988592856,0.4427974005065478,0.3133674214755296,2.473123386973384,1.9633636345787604e-05,0.0,0.6496427296649719,0.0
msdial,11.0,11.0,11.0,0.0,0.2972648104992027,0.07960260026983933,0.28571078130749417,0.862,1.5948938648361946,0.3404145713234392,0.0,0.6465553769601483,0.0
drug_plus,108.0,68.0,27.0,0.18920053304792184,0.05776031434184676,0.031041257367387033,0.6047151277013753,0.33244306563238,2.7326757278183322,0.043222003929273084,0.10091743119266056,0.6112526971150242,0.0
enveda-np-examples,141.5,73.0,28.0,0.4616903958521932,0.052364864864864864,0.0,0.5557432432432432,0.23961051643414033,2.7882981202191672,0.0,0.14573220064724918,0.5513443456921998,0.0
masaryk,9.0,9.0,6.0,0.0,0.44785276073619634,0.0,0.1794478527607362,1.0,1.0577711249754884,0.0,0.0,0.5715256961837448,0.0
test (placeholder),230.0,52.0,18.0,0.7654645414230348,0.0494641384995878,0.3446001648804617,0.5597691673536686,0.17355420600298918,2.3013257116633667,0.0,0.16428571428571428,0.4491559716642139,0.0
